epoch, train_loss_D, train_loss_G,train_Acc, val_Acc, cm00, cm01, cm02, cm10, cm11, cm12, cm20, cm21, cm22
0, 2.986687, 0.180272, 0.344444, 0.318519, 43.000000, 1.000000, 0.000000, 1.000000, 0.000000, 0.000000, 86.000000, 4.000000, 0.000000
1, 3.663621, 1.923311, 0.355556, 0.318519, 43.000000, 1.000000, 0.000000, 1.000000, 0.000000, 0.000000, 86.000000, 4.000000, 0.000000
2, 3.715284, 1.392367, 0.377778, 0.318519, 43.000000, 1.000000, 0.000000, 1.000000, 0.000000, 0.000000, 86.000000, 4.000000, 0.000000
3, 3.324872, 0.616336, 0.322222, 0.318519, 43.000000, 1.000000, 0.000000, 1.000000, 0.000000, 0.000000, 86.000000, 4.000000, 0.000000
4, 3.082106, 0.120303, 0.400000, 0.318519, 43.000000, 1.000000, 0.000000, 1.000000, 0.000000, 0.000000, 86.000000, 4.000000, 0.000000
5, 3.020989, 0.107054, 0.366667, 0.318519, 43.000000, 1.000000, 0.000000, 1.000000, 0.000000, 0.000000, 86.000000, 4.000000, 0.000000
6, 3.102111, 0.113292, 0.377778, 0.318519, 43.000000, 1.000000, 0.000000, 1.000000, 0.000000, 0.000000, 86.000000, 4.000000, 0.000000
7, 3.042367, 0.124481, 0.344444, 0.318519, 43.000000, 1.000000, 0.000000, 1.000000, 0.000000, 0.000000, 86.000000, 4.000000, 0.000000
8, 2.935301, 0.074348, 0.433333, 0.318519, 43.000000, 1.000000, 0.000000, 1.000000, 0.000000, 0.000000, 86.000000, 4.000000, 0.000000
9, 2.940219, 0.127283, 0.433333, 0.318519, 43.000000, 1.000000, 0.000000, 1.000000, 0.000000, 0.000000, 86.000000, 4.000000, 0.000000
10, 3.006956, 0.117932, 0.422222, 0.318519, 43.000000, 1.000000, 0.000000, 1.000000, 0.000000, 0.000000, 86.000000, 4.000000, 0.000000
11, 2.924635, 0.063360, 0.344444, 0.311111, 42.000000, 2.000000, 0.000000, 1.000000, 0.000000, 0.000000, 86.000000, 4.000000, 0.000000
12, 2.856788, 0.030656, 0.388889, 0.311111, 42.000000, 2.000000, 0.000000, 1.000000, 0.000000, 0.000000, 86.000000, 4.000000, 0.000000
13, 2.777423, 0.020823, 0.400000, 0.311111, 42.000000, 2.000000, 0.000000, 1.000000, 0.000000, 0.000000, 86.000000, 4.000000, 0.000000
14, 2.763241, 0.013561, 0.366667, 0.311111, 42.000000, 2.000000, 0.000000, 1.000000, 0.000000, 0.000000, 86.000000, 4.000000, 0.000000
15, 2.866987, 0.026444, 0.433333, 0.311111, 42.000000, 2.000000, 0.000000, 1.000000, 0.000000, 0.000000, 86.000000, 4.000000, 0.000000
16, 2.920070, 0.068922, 0.455556, 0.311111, 42.000000, 2.000000, 0.000000, 1.000000, 0.000000, 0.000000, 86.000000, 4.000000, 0.000000
17, 2.802306, 0.026416, 0.377778, 0.311111, 42.000000, 2.000000, 0.000000, 1.000000, 0.000000, 0.000000, 86.000000, 4.000000, 0.000000
18, 2.776716, 0.018566, 0.422222, 0.311111, 42.000000, 2.000000, 0.000000, 1.000000, 0.000000, 0.000000, 86.000000, 4.000000, 0.000000
19, 2.530529, 0.041637, 0.311111, 0.311111, 42.000000, 2.000000, 0.000000, 1.000000, 0.000000, 0.000000, 86.000000, 4.000000, 0.000000
20, 2.654011, 0.017561, 0.300000, 0.311111, 42.000000, 2.000000, 0.000000, 1.000000, 0.000000, 0.000000, 86.000000, 4.000000, 0.000000
21, 2.683207, 0.022537, 0.433333, 0.311111, 42.000000, 2.000000, 0.000000, 1.000000, 0.000000, 0.000000, 86.000000, 4.000000, 0.000000
22, 2.816643, 0.118014, 0.377778, 0.311111, 42.000000, 2.000000, 0.000000, 1.000000, 0.000000, 0.000000, 86.000000, 4.000000, 0.000000
23, 2.668444, 0.017307, 0.422222, 0.311111, 42.000000, 2.000000, 0.000000, 1.000000, 0.000000, 0.000000, 86.000000, 4.000000, 0.000000
24, 2.649429, 0.009916, 0.422222, 0.311111, 42.000000, 2.000000, 0.000000, 1.000000, 0.000000, 0.000000, 86.000000, 4.000000, 0.000000
25, 2.443000, 0.051862, 0.488889, 0.311111, 42.000000, 2.000000, 0.000000, 1.000000, 0.000000, 0.000000, 86.000000, 4.000000, 0.000000
26, 2.632751, 0.015779, 0.400000, 0.311111, 42.000000, 2.000000, 0.000000, 1.000000, 0.000000, 0.000000, 86.000000, 4.000000, 0.000000
27, 2.695023, 0.034641, 0.400000, 0.311111, 42.000000, 2.000000, 0.000000, 1.000000, 0.000000, 0.000000, 86.000000, 4.000000, 0.000000
28, 2.747200, 0.054957, 0.455556, 0.311111, 42.000000, 2.000000, 0.000000, 1.000000, 0.000000, 0.000000, 86.000000, 4.000000, 0.000000
29, 2.501968, 0.013439, 0.455556, 0.311111, 42.000000, 2.000000, 0.000000, 1.000000, 0.000000, 0.000000, 86.000000, 4.000000, 0.000000
30, 2.338165, 0.031985, 0.377778, 0.311111, 42.000000, 2.000000, 0.000000, 1.000000, 0.000000, 0.000000, 86.000000, 4.000000, 0.000000
31, 2.416830, 0.026559, 0.477778, 0.311111, 42.000000, 2.000000, 0.000000, 1.000000, 0.000000, 0.000000, 85.000000, 5.000000, 0.000000
32, 2.441515, 0.009833, 0.477778, 0.311111, 42.000000, 2.000000, 0.000000, 1.000000, 0.000000, 0.000000, 85.000000, 5.000000, 0.000000
33, 2.653666, 0.116908, 0.500000, 0.311111, 42.000000, 2.000000, 0.000000, 1.000000, 0.000000, 0.000000, 85.000000, 5.000000, 0.000000
34, 2.544489, 0.024291, 0.455556, 0.311111, 42.000000, 2.000000, 0.000000, 1.000000, 0.000000, 0.000000, 85.000000, 5.000000, 0.000000
35, 2.407887, 0.007313, 0.444444, 0.311111, 42.000000, 2.000000, 0.000000, 1.000000, 0.000000, 0.000000, 85.000000, 5.000000, 0.000000
36, 2.329262, 0.029578, 0.500000, 0.311111, 42.000000, 2.000000, 0.000000, 1.000000, 0.000000, 0.000000, 85.000000, 5.000000, 0.000000
37, 2.294256, 0.052000, 0.422222, 0.311111, 42.000000, 2.000000, 0.000000, 1.000000, 0.000000, 0.000000, 84.000000, 6.000000, 0.000000
38, 2.372072, 0.011310, 0.433333, 0.311111, 42.000000, 2.000000, 0.000000, 1.000000, 0.000000, 0.000000, 84.000000, 6.000000, 0.000000
39, 2.423962, 0.028153, 0.500000, 0.311111, 42.000000, 2.000000, 0.000000, 1.000000, 0.000000, 0.000000, 84.000000, 6.000000, 0.000000
40, 2.485986, 0.063347, 0.455556, 0.311111, 42.000000, 2.000000, 0.000000, 1.000000, 0.000000, 0.000000, 84.000000, 6.000000, 0.000000
41, 2.428088, 0.014789, 0.455556, 0.311111, 42.000000, 2.000000, 0.000000, 1.000000, 0.000000, 0.000000, 84.000000, 6.000000, 0.000000
42, 2.298224, 0.015723, 0.477778, 0.311111, 42.000000, 2.000000, 0.000000, 1.000000, 0.000000, 0.000000, 84.000000, 6.000000, 0.000000
43, 2.269457, 0.028459, 0.466667, 0.311111, 42.000000, 2.000000, 0.000000, 1.000000, 0.000000, 0.000000, 84.000000, 6.000000, 0.000000
44, 2.193003, 0.022189, 0.388889, 0.311111, 42.000000, 2.000000, 0.000000, 1.000000, 0.000000, 0.000000, 84.000000, 6.000000, 0.000000
45, 2.217379, 0.004831, 0.522222, 0.311111, 42.000000, 2.000000, 0.000000, 1.000000, 0.000000, 0.000000, 84.000000, 6.000000, 0.000000
46, 2.270783, 0.013846, 0.411111, 0.311111, 42.000000, 2.000000, 0.000000, 1.000000, 0.000000, 0.000000, 84.000000, 6.000000, 0.000000
47, 2.335675, 0.019475, 0.388889, 0.311111, 42.000000, 2.000000, 0.000000, 1.000000, 0.000000, 0.000000, 84.000000, 6.000000, 0.000000
48, 2.258243, 0.034471, 0.466667, 0.311111, 42.000000, 2.000000, 0.000000, 1.000000, 0.000000, 0.000000, 84.000000, 6.000000, 0.000000
49, 2.158346, 0.012052, 0.455556, 0.311111, 42.000000, 2.000000, 0.000000, 1.000000, 0.000000, 0.000000, 81.000000, 9.000000, 0.000000
50, 2.065788, 0.017071, 0.422222, 0.311111, 42.000000, 2.000000, 0.000000, 1.000000, 0.000000, 0.000000, 80.000000, 10.000000, 0.000000
51, 2.103144, 0.024595, 0.522222, 0.311111, 42.000000, 2.000000, 0.000000, 1.000000, 0.000000, 0.000000, 80.000000, 10.000000, 0.000000
52, 2.114956, 0.012362, 0.444444, 0.311111, 42.000000, 2.000000, 0.000000, 1.000000, 0.000000, 0.000000, 80.000000, 10.000000, 0.000000
53, 2.099082, 0.009032, 0.500000, 0.311111, 42.000000, 2.000000, 0.000000, 1.000000, 0.000000, 0.000000, 80.000000, 10.000000, 0.000000
54, 2.159344, 0.021084, 0.455556, 0.311111, 42.000000, 2.000000, 0.000000, 1.000000, 0.000000, 0.000000, 80.000000, 10.000000, 0.000000
55, 2.114653, 0.017992, 0.477778, 0.311111, 42.000000, 2.000000, 0.000000, 1.000000, 0.000000, 0.000000, 80.000000, 10.000000, 0.000000
56, 2.103377, 0.023988, 0.555556, 0.311111, 42.000000, 2.000000, 0.000000, 1.000000, 0.000000, 0.000000, 80.000000, 10.000000, 0.000000
57, 2.021501, 0.007174, 0.511111, 0.311111, 42.000000, 2.000000, 0.000000, 1.000000, 0.000000, 0.000000, 80.000000, 10.000000, 0.000000
58, 2.033952, 0.017408, 0.600000, 0.311111, 42.000000, 2.000000, 0.000000, 1.000000, 0.000000, 0.000000, 80.000000, 10.000000, 0.000000
59, 1.880424, 0.015534, 0.488889, 0.311111, 42.000000, 2.000000, 0.000000, 1.000000, 0.000000, 0.000000, 80.000000, 10.000000, 0.000000
60, 2.099319, 0.004923, 0.555556, 0.311111, 42.000000, 2.000000, 0.000000, 1.000000, 0.000000, 0.000000, 80.000000, 10.000000, 0.000000
61, 2.094557, 0.029739, 0.522222, 0.311111, 42.000000, 2.000000, 0.000000, 1.000000, 0.000000, 0.000000, 80.000000, 10.000000, 0.000000
62, 1.993060, 0.025170, 0.522222, 0.303704, 41.000000, 3.000000, 0.000000, 1.000000, 0.000000, 0.000000, 80.000000, 10.000000, 0.000000
63, 1.894255, 0.003989, 0.533333, 0.303704, 41.000000, 3.000000, 0.000000, 1.000000, 0.000000, 0.000000, 80.000000, 10.000000, 0.000000
64, 1.866866, 0.043079, 0.511111, 0.303704, 41.000000, 3.000000, 0.000000, 1.000000, 0.000000, 0.000000, 80.000000, 10.000000, 0.000000
65, 1.883665, 0.046099, 0.544444, 0.303704, 41.000000, 3.000000, 0.000000, 1.000000, 0.000000, 0.000000, 80.000000, 10.000000, 0.000000
66, 1.997252, 0.024583, 0.633333, 0.303704, 41.000000, 3.000000, 0.000000, 1.000000, 0.000000, 0.000000, 80.000000, 10.000000, 0.000000
67, 2.089576, 0.029512, 0.566667, 0.303704, 41.000000, 3.000000, 0.000000, 1.000000, 0.000000, 0.000000, 79.000000, 11.000000, 0.000000
68, 2.040299, 0.038318, 0.511111, 0.303704, 41.000000, 3.000000, 0.000000, 1.000000, 0.000000, 0.000000, 79.000000, 11.000000, 0.000000
69, 1.850043, 0.013875, 0.544444, 0.303704, 41.000000, 3.000000, 0.000000, 1.000000, 0.000000, 0.000000, 79.000000, 11.000000, 0.000000
70, 1.760598, 0.024782, 0.577778, 0.303704, 41.000000, 3.000000, 0.000000, 1.000000, 0.000000, 0.000000, 79.000000, 11.000000, 0.000000
71, 1.788951, 0.006420, 0.600000, 0.303704, 41.000000, 3.000000, 0.000000, 1.000000, 0.000000, 0.000000, 79.000000, 11.000000, 0.000000
72, 1.727337, 0.003252, 0.588889, 0.303704, 41.000000, 3.000000, 0.000000, 1.000000, 0.000000, 0.000000, 78.000000, 12.000000, 0.000000
73, 1.856946, 0.025970, 0.522222, 0.303704, 41.000000, 3.000000, 0.000000, 1.000000, 0.000000, 0.000000, 78.000000, 12.000000, 0.000000
74, 1.791404, 0.018719, 0.555556, 0.303704, 41.000000, 3.000000, 0.000000, 1.000000, 0.000000, 0.000000, 78.000000, 12.000000, 0.000000
75, 1.816444, 0.007089, 0.566667, 0.303704, 41.000000, 3.000000, 0.000000, 1.000000, 0.000000, 0.000000, 78.000000, 12.000000, 0.000000
76, 1.593146, 0.032562, 0.577778, 0.311111, 42.000000, 2.000000, 0.000000, 1.000000, 0.000000, 0.000000, 78.000000, 12.000000, 0.000000
77, 1.630294, 0.035914, 0.522222, 0.311111, 42.000000, 2.000000, 0.000000, 1.000000, 0.000000, 0.000000, 78.000000, 12.000000, 0.000000
78, 1.739664, 0.008044, 0.577778, 0.311111, 42.000000, 2.000000, 0.000000, 1.000000, 0.000000, 0.000000, 78.000000, 12.000000, 0.000000
79, 1.699034, 0.015318, 0.555556, 0.311111, 42.000000, 2.000000, 0.000000, 1.000000, 0.000000, 0.000000, 78.000000, 12.000000, 0.000000
80, 1.675344, 0.008904, 0.588889, 0.311111, 42.000000, 2.000000, 0.000000, 1.000000, 0.000000, 0.000000, 78.000000, 12.000000, 0.000000
81, 1.708914, 0.006523, 0.600000, 0.311111, 42.000000, 2.000000, 0.000000, 1.000000, 0.000000, 0.000000, 78.000000, 12.000000, 0.000000
82, 1.680408, 0.005591, 0.555556, 0.311111, 42.000000, 2.000000, 0.000000, 1.000000, 0.000000, 0.000000, 78.000000, 12.000000, 0.000000
83, 1.658599, 0.002206, 0.533333, 0.311111, 42.000000, 2.000000, 0.000000, 1.000000, 0.000000, 0.000000, 77.000000, 13.000000, 0.000000
84, 1.685869, 0.003796, 0.622222, 0.311111, 42.000000, 2.000000, 0.000000, 1.000000, 0.000000, 0.000000, 77.000000, 13.000000, 0.000000
85, 1.696120, 0.010651, 0.500000, 0.311111, 42.000000, 2.000000, 0.000000, 1.000000, 0.000000, 0.000000, 77.000000, 13.000000, 0.000000
86, 1.615903, 0.013826, 0.566667, 0.311111, 42.000000, 2.000000, 0.000000, 1.000000, 0.000000, 0.000000, 77.000000, 13.000000, 0.000000
87, 1.481382, 0.046833, 0.566667, 0.311111, 42.000000, 2.000000, 0.000000, 1.000000, 0.000000, 0.000000, 77.000000, 13.000000, 0.000000
88, 1.591938, 0.021515, 0.633333, 0.311111, 42.000000, 2.000000, 0.000000, 1.000000, 0.000000, 0.000000, 77.000000, 13.000000, 0.000000
89, 1.660207, 0.042232, 0.622222, 0.318519, 42.000000, 2.000000, 0.000000, 1.000000, 0.000000, 0.000000, 76.000000, 13.000000, 1.000000
90, 1.513290, 0.032866, 0.566667, 0.318519, 42.000000, 2.000000, 0.000000, 1.000000, 0.000000, 0.000000, 76.000000, 13.000000, 1.000000
91, 1.524818, 0.024653, 0.633333, 0.318519, 41.000000, 3.000000, 0.000000, 1.000000, 0.000000, 0.000000, 74.000000, 14.000000, 2.000000
92, 1.456546, 0.047828, 0.577778, 0.318519, 41.000000, 3.000000, 0.000000, 1.000000, 0.000000, 0.000000, 74.000000, 14.000000, 2.000000
93, 1.506573, 0.003679, 0.688889, 0.318519, 41.000000, 3.000000, 0.000000, 1.000000, 0.000000, 0.000000, 74.000000, 14.000000, 2.000000
94, 1.592051, 0.028683, 0.622222, 0.325926, 41.000000, 3.000000, 0.000000, 1.000000, 0.000000, 0.000000, 73.000000, 14.000000, 3.000000
95, 1.530158, 0.041288, 0.666667, 0.325926, 41.000000, 3.000000, 0.000000, 1.000000, 0.000000, 0.000000, 73.000000, 14.000000, 3.000000
96, 1.568917, 0.010114, 0.655556, 0.325926, 41.000000, 3.000000, 0.000000, 1.000000, 0.000000, 0.000000, 73.000000, 14.000000, 3.000000
97, 1.376388, 0.024589, 0.622222, 0.325926, 41.000000, 3.000000, 0.000000, 1.000000, 0.000000, 0.000000, 73.000000, 14.000000, 3.000000
98, 1.420510, 0.029858, 0.644444, 0.325926, 41.000000, 3.000000, 0.000000, 1.000000, 0.000000, 0.000000, 73.000000, 14.000000, 3.000000
99, 1.357262, 0.023556, 0.688889, 0.325926, 41.000000, 3.000000, 0.000000, 1.000000, 0.000000, 0.000000, 73.000000, 14.000000, 3.000000
100, 1.460675, 0.010289, 0.711111, 0.325926, 41.000000, 3.000000, 0.000000, 1.000000, 0.000000, 0.000000, 73.000000, 14.000000, 3.000000
101, 1.458775, 0.013037, 0.555556, 0.333333, 41.000000, 3.000000, 0.000000, 1.000000, 0.000000, 0.000000, 72.000000, 14.000000, 4.000000
102, 1.340263, 0.012419, 0.644444, 0.333333, 41.000000, 3.000000, 0.000000, 1.000000, 0.000000, 0.000000, 72.000000, 14.000000, 4.000000
103, 1.404126, 0.011457, 0.711111, 0.340741, 41.000000, 3.000000, 0.000000, 1.000000, 0.000000, 0.000000, 70.000000, 15.000000, 5.000000
104, 1.423576, 0.031721, 0.722222, 0.348148, 41.000000, 3.000000, 0.000000, 1.000000, 0.000000, 0.000000, 69.000000, 15.000000, 6.000000
105, 1.223536, 0.017583, 0.677778, 0.355556, 41.000000, 3.000000, 0.000000, 1.000000, 0.000000, 0.000000, 68.000000, 15.000000, 7.000000
106, 1.326406, 0.010234, 0.611111, 0.355556, 41.000000, 3.000000, 0.000000, 1.000000, 0.000000, 0.000000, 68.000000, 15.000000, 7.000000
107, 1.418854, 0.013491, 0.677778, 0.377778, 41.000000, 3.000000, 0.000000, 1.000000, 0.000000, 0.000000, 65.000000, 15.000000, 10.000000
108, 1.343232, 0.006979, 0.633333, 0.385185, 41.000000, 3.000000, 0.000000, 1.000000, 0.000000, 0.000000, 64.000000, 15.000000, 11.000000
109, 1.396790, 0.001421, 0.666667, 0.392593, 41.000000, 3.000000, 0.000000, 1.000000, 0.000000, 0.000000, 63.000000, 15.000000, 12.000000
110, 1.344190, 0.005028, 0.722222, 0.392593, 41.000000, 3.000000, 0.000000, 1.000000, 0.000000, 0.000000, 64.000000, 14.000000, 12.000000
111, 1.248809, 0.013432, 0.777778, 0.392593, 41.000000, 3.000000, 0.000000, 1.000000, 0.000000, 0.000000, 64.000000, 14.000000, 12.000000
112, 1.273200, 0.012871, 0.733333, 0.392593, 41.000000, 3.000000, 0.000000, 1.000000, 0.000000, 0.000000, 64.000000, 14.000000, 12.000000
113, 1.257074, 0.010121, 0.777778, 0.400000, 41.000000, 3.000000, 0.000000, 1.000000, 0.000000, 0.000000, 63.000000, 14.000000, 13.000000
114, 1.134664, 0.061074, 0.688889, 0.400000, 41.000000, 3.000000, 0.000000, 1.000000, 0.000000, 0.000000, 63.000000, 14.000000, 13.000000
115, 1.218135, 0.016803, 0.688889, 0.400000, 41.000000, 3.000000, 0.000000, 1.000000, 0.000000, 0.000000, 63.000000, 14.000000, 13.000000
116, 1.220665, 0.005987, 0.733333, 0.407407, 41.000000, 3.000000, 0.000000, 1.000000, 0.000000, 0.000000, 63.000000, 13.000000, 14.000000
117, 1.140724, 0.003108, 0.688889, 0.407407, 41.000000, 3.000000, 0.000000, 1.000000, 0.000000, 0.000000, 63.000000, 13.000000, 14.000000
118, 1.212914, 0.008066, 0.722222, 0.407407, 41.000000, 3.000000, 0.000000, 1.000000, 0.000000, 0.000000, 63.000000, 13.000000, 14.000000
119, 1.108990, 0.030359, 0.733333, 0.414815, 41.000000, 2.000000, 1.000000, 1.000000, 0.000000, 0.000000, 62.000000, 13.000000, 15.000000
120, 1.162410, 0.014172, 0.755556, 0.414815, 41.000000, 2.000000, 1.000000, 1.000000, 0.000000, 0.000000, 62.000000, 13.000000, 15.000000
121, 1.109866, 0.072673, 0.722222, 0.437037, 41.000000, 2.000000, 1.000000, 1.000000, 0.000000, 0.000000, 60.000000, 12.000000, 18.000000
122, 1.021503, 0.071415, 0.766667, 0.429630, 40.000000, 1.000000, 3.000000, 1.000000, 0.000000, 0.000000, 60.000000, 12.000000, 18.000000
123, 1.297764, 0.006137, 0.711111, 0.444444, 40.000000, 1.000000, 3.000000, 1.000000, 0.000000, 0.000000, 58.000000, 12.000000, 20.000000
124, 1.209231, 0.071317, 0.733333, 0.444444, 40.000000, 1.000000, 3.000000, 1.000000, 0.000000, 0.000000, 58.000000, 12.000000, 20.000000
125, 1.281436, 0.060347, 0.800000, 0.451852, 39.000000, 1.000000, 4.000000, 1.000000, 0.000000, 0.000000, 57.000000, 11.000000, 22.000000
126, 1.157677, 0.049694, 0.766667, 0.459259, 38.000000, 2.000000, 4.000000, 1.000000, 0.000000, 0.000000, 56.000000, 10.000000, 24.000000
127, 1.077516, 0.024195, 0.755556, 0.466667, 38.000000, 2.000000, 4.000000, 1.000000, 0.000000, 0.000000, 55.000000, 10.000000, 25.000000
128, 1.064074, 0.034127, 0.733333, 0.474074, 38.000000, 2.000000, 4.000000, 1.000000, 0.000000, 0.000000, 54.000000, 10.000000, 26.000000
129, 1.070029, 0.003818, 0.722222, 0.481481, 38.000000, 2.000000, 4.000000, 1.000000, 0.000000, 0.000000, 53.000000, 10.000000, 27.000000
130, 1.165492, 0.005631, 0.744444, 0.481481, 38.000000, 2.000000, 4.000000, 1.000000, 0.000000, 0.000000, 53.000000, 10.000000, 27.000000
131, 1.178362, 0.012905, 0.744444, 0.488889, 38.000000, 2.000000, 4.000000, 1.000000, 0.000000, 0.000000, 52.000000, 10.000000, 28.000000
132, 0.974154, 0.040964, 0.733333, 0.503704, 38.000000, 2.000000, 4.000000, 1.000000, 0.000000, 0.000000, 50.000000, 10.000000, 30.000000
133, 1.136680, 0.014866, 0.733333, 0.503704, 37.000000, 4.000000, 3.000000, 1.000000, 0.000000, 0.000000, 49.000000, 10.000000, 31.000000
134, 1.126312, 0.005667, 0.822222, 0.518519, 37.000000, 4.000000, 3.000000, 1.000000, 0.000000, 0.000000, 47.000000, 10.000000, 33.000000
135, 1.140712, 0.008488, 0.788889, 0.518519, 36.000000, 4.000000, 4.000000, 1.000000, 0.000000, 0.000000, 46.000000, 10.000000, 34.000000
136, 1.077989, 0.024154, 0.711111, 0.525926, 36.000000, 4.000000, 4.000000, 1.000000, 0.000000, 0.000000, 45.000000, 10.000000, 35.000000
137, 0.956798, 0.025329, 0.744444, 0.533333, 36.000000, 4.000000, 4.000000, 1.000000, 0.000000, 0.000000, 44.000000, 10.000000, 36.000000
138, 1.110793, 0.046623, 0.688889, 0.533333, 35.000000, 4.000000, 5.000000, 1.000000, 0.000000, 0.000000, 43.000000, 10.000000, 37.000000
139, 1.054896, 0.045496, 0.811111, 0.540741, 35.000000, 4.000000, 5.000000, 1.000000, 0.000000, 0.000000, 42.000000, 10.000000, 38.000000
140, 1.038612, 0.138207, 0.666667, 0.548148, 35.000000, 4.000000, 5.000000, 1.000000, 0.000000, 0.000000, 41.000000, 10.000000, 39.000000
141, 1.139134, 0.037306, 0.811111, 0.548148, 35.000000, 4.000000, 5.000000, 1.000000, 0.000000, 0.000000, 41.000000, 10.000000, 39.000000
142, 1.066103, 0.067557, 0.833333, 0.548148, 35.000000, 4.000000, 5.000000, 1.000000, 0.000000, 0.000000, 41.000000, 10.000000, 39.000000
143, 0.934256, 0.160189, 0.755556, 0.548148, 35.000000, 3.000000, 6.000000, 1.000000, 0.000000, 0.000000, 41.000000, 10.000000, 39.000000
144, 0.874794, 0.012384, 0.766667, 0.540741, 34.000000, 2.000000, 8.000000, 1.000000, 0.000000, 0.000000, 41.000000, 10.000000, 39.000000
145, 0.973838, 0.037658, 0.800000, 0.548148, 34.000000, 2.000000, 8.000000, 1.000000, 0.000000, 0.000000, 40.000000, 10.000000, 40.000000
146, 1.178486, 0.008800, 0.822222, 0.562963, 34.000000, 2.000000, 8.000000, 1.000000, 0.000000, 0.000000, 39.000000, 9.000000, 42.000000
147, 0.978348, 0.077005, 0.822222, 0.562963, 34.000000, 2.000000, 8.000000, 1.000000, 0.000000, 0.000000, 39.000000, 9.000000, 42.000000
148, 1.002978, 0.085317, 0.800000, 0.577778, 34.000000, 2.000000, 8.000000, 1.000000, 0.000000, 0.000000, 37.000000, 9.000000, 44.000000
149, 1.024355, 0.056359, 0.788889, 0.592593, 34.000000, 2.000000, 8.000000, 1.000000, 0.000000, 0.000000, 36.000000, 8.000000, 46.000000
150, 0.976983, 0.024546, 0.855556, 0.607407, 34.000000, 2.000000, 8.000000, 1.000000, 0.000000, 0.000000, 35.000000, 7.000000, 48.000000
151, 1.007860, 0.021147, 0.766667, 0.600000, 34.000000, 2.000000, 8.000000, 1.000000, 0.000000, 0.000000, 36.000000, 7.000000, 47.000000
152, 1.007786, 0.019926, 0.788889, 0.600000, 34.000000, 2.000000, 8.000000, 1.000000, 0.000000, 0.000000, 36.000000, 7.000000, 47.000000
153, 1.007935, 0.017813, 0.800000, 0.600000, 34.000000, 2.000000, 8.000000, 1.000000, 0.000000, 0.000000, 36.000000, 7.000000, 47.000000
154, 0.950726, 0.014903, 0.866667, 0.600000, 34.000000, 2.000000, 8.000000, 1.000000, 0.000000, 0.000000, 36.000000, 7.000000, 47.000000
155, 0.928558, 0.007012, 0.833333, 0.600000, 34.000000, 2.000000, 8.000000, 1.000000, 0.000000, 0.000000, 36.000000, 7.000000, 47.000000
156, 0.983539, 0.029341, 0.833333, 0.592593, 33.000000, 2.000000, 9.000000, 1.000000, 0.000000, 0.000000, 36.000000, 7.000000, 47.000000
157, 0.931259, 0.014148, 0.833333, 0.600000, 33.000000, 2.000000, 9.000000, 1.000000, 0.000000, 0.000000, 35.000000, 7.000000, 48.000000
158, 0.867578, 0.005366, 0.844444, 0.600000, 33.000000, 2.000000, 9.000000, 1.000000, 0.000000, 0.000000, 35.000000, 7.000000, 48.000000
159, 0.843867, 0.003543, 0.822222, 0.600000, 33.000000, 2.000000, 9.000000, 1.000000, 0.000000, 0.000000, 35.000000, 7.000000, 48.000000
160, 0.911987, 0.006118, 0.822222, 0.600000, 33.000000, 2.000000, 9.000000, 1.000000, 0.000000, 0.000000, 35.000000, 7.000000, 48.000000
161, 0.966747, 0.014793, 0.833333, 0.600000, 33.000000, 2.000000, 9.000000, 1.000000, 0.000000, 0.000000, 35.000000, 7.000000, 48.000000
162, 0.958373, 0.006587, 0.811111, 0.600000, 33.000000, 2.000000, 9.000000, 1.000000, 0.000000, 0.000000, 35.000000, 7.000000, 48.000000
163, 0.946935, 0.014775, 0.844444, 0.600000, 33.000000, 2.000000, 9.000000, 1.000000, 0.000000, 0.000000, 35.000000, 7.000000, 48.000000
164, 0.940114, 0.013176, 0.833333, 0.600000, 33.000000, 2.000000, 9.000000, 1.000000, 0.000000, 0.000000, 35.000000, 7.000000, 48.000000
165, 0.850832, 0.053435, 0.788889, 0.600000, 33.000000, 2.000000, 9.000000, 1.000000, 0.000000, 0.000000, 35.000000, 7.000000, 48.000000
166, 0.901619, 0.025507, 0.788889, 0.600000, 33.000000, 2.000000, 9.000000, 1.000000, 0.000000, 0.000000, 35.000000, 7.000000, 48.000000
167, 0.819905, 0.080929, 0.888889, 0.607407, 33.000000, 2.000000, 9.000000, 1.000000, 0.000000, 0.000000, 34.000000, 7.000000, 49.000000
168, 0.893015, 0.044381, 0.811111, 0.614815, 33.000000, 2.000000, 9.000000, 1.000000, 0.000000, 0.000000, 33.000000, 7.000000, 50.000000
169, 0.903206, 0.013796, 0.755556, 0.629630, 33.000000, 1.000000, 10.000000, 1.000000, 0.000000, 0.000000, 31.000000, 7.000000, 52.000000
170, 0.900667, 0.008824, 0.800000, 0.629630, 33.000000, 1.000000, 10.000000, 1.000000, 0.000000, 0.000000, 31.000000, 7.000000, 52.000000
171, 0.858823, 0.056996, 0.788889, 0.622222, 32.000000, 1.000000, 11.000000, 1.000000, 0.000000, 0.000000, 31.000000, 7.000000, 52.000000
172, 0.862387, 0.032090, 0.811111, 0.637037, 32.000000, 1.000000, 11.000000, 1.000000, 0.000000, 0.000000, 30.000000, 6.000000, 54.000000
173, 0.884640, 0.021248, 0.877778, 0.644444, 32.000000, 1.000000, 11.000000, 1.000000, 0.000000, 0.000000, 29.000000, 6.000000, 55.000000
174, 0.952329, 0.073718, 0.788889, 0.651852, 32.000000, 1.000000, 11.000000, 1.000000, 0.000000, 0.000000, 28.000000, 6.000000, 56.000000
175, 0.846782, 0.029782, 0.822222, 0.674074, 32.000000, 1.000000, 11.000000, 1.000000, 0.000000, 0.000000, 25.000000, 6.000000, 59.000000
176, 0.790308, 0.032568, 0.766667, 0.666667, 31.000000, 1.000000, 12.000000, 1.000000, 0.000000, 0.000000, 25.000000, 6.000000, 59.000000
177, 0.906524, 0.061995, 0.822222, 0.659259, 31.000000, 1.000000, 12.000000, 1.000000, 0.000000, 0.000000, 26.000000, 6.000000, 58.000000
178, 0.881965, 0.022977, 0.800000, 0.659259, 31.000000, 1.000000, 12.000000, 1.000000, 0.000000, 0.000000, 26.000000, 6.000000, 58.000000
179, 0.801594, 0.159395, 0.800000, 0.659259, 31.000000, 1.000000, 12.000000, 1.000000, 0.000000, 0.000000, 26.000000, 6.000000, 58.000000
180, 0.804117, 0.109548, 0.766667, 0.659259, 31.000000, 1.000000, 12.000000, 1.000000, 0.000000, 0.000000, 26.000000, 6.000000, 58.000000
181, 0.853607, 0.046218, 0.788889, 0.666667, 31.000000, 1.000000, 12.000000, 1.000000, 0.000000, 0.000000, 25.000000, 6.000000, 59.000000
182, 0.730098, 0.066870, 0.844444, 0.659259, 31.000000, 1.000000, 12.000000, 1.000000, 0.000000, 0.000000, 26.000000, 6.000000, 58.000000
183, 0.753749, 0.045083, 0.877778, 0.659259, 31.000000, 1.000000, 12.000000, 1.000000, 0.000000, 0.000000, 26.000000, 6.000000, 58.000000
184, 0.814572, 0.064816, 0.788889, 0.659259, 31.000000, 1.000000, 12.000000, 1.000000, 0.000000, 0.000000, 26.000000, 6.000000, 58.000000
185, 0.928346, 0.035967, 0.855556, 0.659259, 31.000000, 1.000000, 12.000000, 1.000000, 0.000000, 0.000000, 26.000000, 6.000000, 58.000000
186, 0.786113, 0.045313, 0.844444, 0.659259, 31.000000, 1.000000, 12.000000, 1.000000, 0.000000, 0.000000, 26.000000, 6.000000, 58.000000
187, 0.742543, 0.013750, 0.844444, 0.659259, 31.000000, 1.000000, 12.000000, 1.000000, 0.000000, 0.000000, 26.000000, 6.000000, 58.000000
188, 0.716883, 0.037411, 0.811111, 0.659259, 31.000000, 1.000000, 12.000000, 1.000000, 0.000000, 0.000000, 26.000000, 6.000000, 58.000000
189, 0.678366, 0.030111, 0.811111, 0.666667, 31.000000, 1.000000, 12.000000, 1.000000, 0.000000, 0.000000, 25.000000, 6.000000, 59.000000
190, 0.660892, 0.013833, 0.866667, 0.666667, 31.000000, 1.000000, 12.000000, 1.000000, 0.000000, 0.000000, 25.000000, 6.000000, 59.000000
191, 0.669390, 0.053409, 0.777778, 0.666667, 31.000000, 1.000000, 12.000000, 1.000000, 0.000000, 0.000000, 25.000000, 6.000000, 59.000000
192, 0.832573, 0.011691, 0.833333, 0.674074, 31.000000, 1.000000, 12.000000, 1.000000, 0.000000, 0.000000, 24.000000, 6.000000, 60.000000
193, 0.660989, 0.025665, 0.822222, 0.674074, 31.000000, 1.000000, 12.000000, 1.000000, 0.000000, 0.000000, 24.000000, 6.000000, 60.000000
194, 0.752372, 0.014191, 0.855556, 0.674074, 31.000000, 1.000000, 12.000000, 1.000000, 0.000000, 0.000000, 24.000000, 6.000000, 60.000000
195, 0.709197, 0.008036, 0.866667, 0.674074, 31.000000, 1.000000, 12.000000, 1.000000, 0.000000, 0.000000, 24.000000, 6.000000, 60.000000
196, 0.722056, 0.043173, 0.800000, 0.681481, 31.000000, 1.000000, 12.000000, 1.000000, 0.000000, 0.000000, 24.000000, 5.000000, 61.000000
197, 0.727207, 0.010730, 0.877778, 0.681481, 31.000000, 1.000000, 12.000000, 1.000000, 0.000000, 0.000000, 24.000000, 5.000000, 61.000000
198, 0.856162, 0.060150, 0.833333, 0.681481, 31.000000, 1.000000, 12.000000, 1.000000, 0.000000, 0.000000, 24.000000, 5.000000, 61.000000
199, 0.748047, 0.007845, 0.888889, 0.681481, 31.000000, 1.000000, 12.000000, 1.000000, 0.000000, 0.000000, 25.000000, 4.000000, 61.000000
200, 0.640675, 0.082806, 0.866667, 0.681481, 31.000000, 1.000000, 12.000000, 1.000000, 0.000000, 0.000000, 25.000000, 4.000000, 61.000000
201, 0.659807, 0.022599, 0.800000, 0.681481, 31.000000, 1.000000, 12.000000, 1.000000, 0.000000, 0.000000, 25.000000, 4.000000, 61.000000
202, 0.711216, 0.014524, 0.811111, 0.688889, 32.000000, 1.000000, 11.000000, 1.000000, 0.000000, 0.000000, 25.000000, 4.000000, 61.000000
203, 0.727986, 0.016247, 0.866667, 0.688889, 32.000000, 1.000000, 11.000000, 1.000000, 0.000000, 0.000000, 25.000000, 4.000000, 61.000000
204, 0.626825, 0.038002, 0.866667, 0.688889, 32.000000, 1.000000, 11.000000, 1.000000, 0.000000, 0.000000, 25.000000, 4.000000, 61.000000
205, 0.700983, 0.018898, 0.900000, 0.688889, 32.000000, 1.000000, 11.000000, 1.000000, 0.000000, 0.000000, 25.000000, 4.000000, 61.000000
206, 0.751841, 0.029946, 0.922222, 0.696296, 32.000000, 1.000000, 11.000000, 1.000000, 0.000000, 0.000000, 25.000000, 3.000000, 62.000000
207, 0.724961, 0.041012, 0.855556, 0.696296, 32.000000, 1.000000, 11.000000, 1.000000, 0.000000, 0.000000, 25.000000, 3.000000, 62.000000
208, 0.694876, 0.046875, 0.811111, 0.696296, 32.000000, 1.000000, 11.000000, 1.000000, 0.000000, 0.000000, 25.000000, 3.000000, 62.000000
209, 0.695661, 0.014760, 0.911111, 0.688889, 32.000000, 1.000000, 11.000000, 1.000000, 0.000000, 0.000000, 25.000000, 4.000000, 61.000000
210, 0.766844, 0.005592, 0.844444, 0.688889, 32.000000, 1.000000, 11.000000, 1.000000, 0.000000, 0.000000, 25.000000, 4.000000, 61.000000
211, 0.706452, 0.010466, 0.911111, 0.688889, 32.000000, 1.000000, 11.000000, 1.000000, 0.000000, 0.000000, 25.000000, 4.000000, 61.000000
212, 0.645887, 0.027291, 0.877778, 0.681481, 32.000000, 1.000000, 11.000000, 1.000000, 0.000000, 0.000000, 25.000000, 5.000000, 60.000000
213, 0.626859, 0.003325, 0.866667, 0.681481, 32.000000, 1.000000, 11.000000, 1.000000, 0.000000, 0.000000, 25.000000, 5.000000, 60.000000
214, 0.673952, 0.011549, 0.811111, 0.688889, 33.000000, 0.000000, 11.000000, 1.000000, 0.000000, 0.000000, 25.000000, 5.000000, 60.000000
215, 0.603158, 0.004466, 0.844444, 0.688889, 33.000000, 0.000000, 11.000000, 1.000000, 0.000000, 0.000000, 25.000000, 5.000000, 60.000000
216, 0.714381, 0.017388, 0.811111, 0.688889, 33.000000, 0.000000, 11.000000, 1.000000, 0.000000, 0.000000, 25.000000, 5.000000, 60.000000
217, 0.645366, 0.010996, 0.911111, 0.688889, 33.000000, 0.000000, 11.000000, 1.000000, 0.000000, 0.000000, 25.000000, 5.000000, 60.000000
218, 0.740789, 0.013311, 0.866667, 0.688889, 33.000000, 0.000000, 11.000000, 1.000000, 0.000000, 0.000000, 25.000000, 5.000000, 60.000000
219, 0.637354, 0.013503, 0.877778, 0.696296, 33.000000, 0.000000, 11.000000, 1.000000, 0.000000, 0.000000, 24.000000, 5.000000, 61.000000
220, 0.746857, 0.009888, 0.911111, 0.703704, 33.000000, 0.000000, 11.000000, 1.000000, 0.000000, 0.000000, 23.000000, 5.000000, 62.000000
221, 0.796022, 0.041031, 0.888889, 0.703704, 33.000000, 0.000000, 11.000000, 1.000000, 0.000000, 0.000000, 23.000000, 5.000000, 62.000000
222, 0.608248, 0.015626, 0.900000, 0.703704, 33.000000, 0.000000, 11.000000, 1.000000, 0.000000, 0.000000, 23.000000, 5.000000, 62.000000
223, 0.647262, 0.039979, 0.855556, 0.703704, 33.000000, 0.000000, 11.000000, 1.000000, 0.000000, 0.000000, 23.000000, 5.000000, 62.000000
224, 0.540528, 0.005171, 0.877778, 0.703704, 33.000000, 0.000000, 11.000000, 1.000000, 0.000000, 0.000000, 23.000000, 5.000000, 62.000000
225, 0.631643, 0.014387, 0.911111, 0.703704, 33.000000, 0.000000, 11.000000, 1.000000, 0.000000, 0.000000, 23.000000, 5.000000, 62.000000
226, 0.690037, 0.039615, 0.911111, 0.711111, 33.000000, 0.000000, 11.000000, 1.000000, 0.000000, 0.000000, 22.000000, 5.000000, 63.000000
227, 0.690058, 0.067582, 0.833333, 0.711111, 33.000000, 0.000000, 11.000000, 1.000000, 0.000000, 0.000000, 22.000000, 5.000000, 63.000000
228, 0.566637, 0.011062, 0.888889, 0.711111, 33.000000, 0.000000, 11.000000, 1.000000, 0.000000, 0.000000, 22.000000, 5.000000, 63.000000
229, 0.635105, 0.027602, 0.911111, 0.725926, 33.000000, 0.000000, 11.000000, 1.000000, 0.000000, 0.000000, 22.000000, 3.000000, 65.000000
230, 0.602274, 0.038780, 0.922222, 0.725926, 33.000000, 0.000000, 11.000000, 1.000000, 0.000000, 0.000000, 22.000000, 3.000000, 65.000000
231, 0.566614, 0.056972, 0.900000, 0.725926, 33.000000, 0.000000, 11.000000, 1.000000, 0.000000, 0.000000, 22.000000, 3.000000, 65.000000
232, 0.633575, 0.030088, 0.866667, 0.725926, 33.000000, 0.000000, 11.000000, 1.000000, 0.000000, 0.000000, 22.000000, 3.000000, 65.000000
233, 0.545998, 0.009796, 0.833333, 0.725926, 33.000000, 0.000000, 11.000000, 1.000000, 0.000000, 0.000000, 22.000000, 3.000000, 65.000000
234, 0.592333, 0.025906, 0.877778, 0.733333, 33.000000, 0.000000, 11.000000, 1.000000, 0.000000, 0.000000, 21.000000, 3.000000, 66.000000
235, 0.601274, 0.030659, 0.866667, 0.733333, 32.000000, 0.000000, 12.000000, 1.000000, 0.000000, 0.000000, 21.000000, 2.000000, 67.000000
236, 0.608040, 0.015162, 0.888889, 0.733333, 32.000000, 0.000000, 12.000000, 1.000000, 0.000000, 0.000000, 21.000000, 2.000000, 67.000000
237, 0.570855, 0.012167, 0.822222, 0.733333, 32.000000, 0.000000, 12.000000, 1.000000, 0.000000, 0.000000, 21.000000, 2.000000, 67.000000
238, 0.622722, 0.035585, 0.933333, 0.733333, 32.000000, 0.000000, 12.000000, 1.000000, 0.000000, 0.000000, 21.000000, 2.000000, 67.000000
239, 0.591262, 0.034739, 0.922222, 0.733333, 32.000000, 0.000000, 12.000000, 1.000000, 0.000000, 0.000000, 21.000000, 2.000000, 67.000000
240, 0.537153, 0.003223, 0.833333, 0.733333, 32.000000, 0.000000, 12.000000, 1.000000, 0.000000, 0.000000, 21.000000, 2.000000, 67.000000
241, 0.570881, 0.017233, 0.922222, 0.733333, 32.000000, 0.000000, 12.000000, 1.000000, 0.000000, 0.000000, 21.000000, 2.000000, 67.000000
242, 0.646461, 0.028376, 0.866667, 0.733333, 32.000000, 0.000000, 12.000000, 1.000000, 0.000000, 0.000000, 21.000000, 2.000000, 67.000000
243, 0.477282, 0.024539, 0.900000, 0.733333, 32.000000, 0.000000, 12.000000, 1.000000, 0.000000, 0.000000, 21.000000, 2.000000, 67.000000
244, 0.545356, 0.010713, 0.833333, 0.733333, 32.000000, 0.000000, 12.000000, 1.000000, 0.000000, 0.000000, 21.000000, 2.000000, 67.000000
245, 0.509887, 0.056915, 0.888889, 0.733333, 32.000000, 0.000000, 12.000000, 1.000000, 0.000000, 0.000000, 21.000000, 2.000000, 67.000000
246, 0.613115, 0.043815, 0.888889, 0.725926, 31.000000, 0.000000, 13.000000, 1.000000, 0.000000, 0.000000, 21.000000, 2.000000, 67.000000
247, 0.549321, 0.009575, 0.822222, 0.725926, 31.000000, 0.000000, 13.000000, 1.000000, 0.000000, 0.000000, 21.000000, 2.000000, 67.000000
248, 0.497101, 0.009337, 0.877778, 0.733333, 32.000000, 0.000000, 12.000000, 1.000000, 0.000000, 0.000000, 21.000000, 2.000000, 67.000000
249, 0.587719, 0.013585, 0.888889, 0.733333, 32.000000, 0.000000, 12.000000, 1.000000, 0.000000, 0.000000, 21.000000, 2.000000, 67.000000
250, 0.601766, 0.011532, 0.811111, 0.733333, 32.000000, 0.000000, 12.000000, 1.000000, 0.000000, 0.000000, 21.000000, 2.000000, 67.000000
251, 0.545308, 0.010889, 0.844444, 0.733333, 32.000000, 0.000000, 12.000000, 1.000000, 0.000000, 0.000000, 21.000000, 2.000000, 67.000000
252, 0.446562, 0.009973, 0.877778, 0.733333, 32.000000, 0.000000, 12.000000, 1.000000, 0.000000, 0.000000, 21.000000, 2.000000, 67.000000
253, 0.429496, 0.009118, 0.833333, 0.733333, 32.000000, 0.000000, 12.000000, 1.000000, 0.000000, 0.000000, 21.000000, 2.000000, 67.000000
254, 0.637539, 0.007695, 0.900000, 0.733333, 32.000000, 0.000000, 12.000000, 1.000000, 0.000000, 0.000000, 21.000000, 2.000000, 67.000000
255, 0.496201, 0.004482, 0.855556, 0.733333, 32.000000, 0.000000, 12.000000, 1.000000, 0.000000, 0.000000, 21.000000, 2.000000, 67.000000
256, 0.517123, 0.004193, 0.933333, 0.733333, 32.000000, 0.000000, 12.000000, 1.000000, 0.000000, 0.000000, 21.000000, 2.000000, 67.000000
257, 0.516500, 0.022462, 0.888889, 0.733333, 32.000000, 0.000000, 12.000000, 1.000000, 0.000000, 0.000000, 21.000000, 2.000000, 67.000000
258, 0.492330, 0.018911, 0.900000, 0.733333, 32.000000, 0.000000, 12.000000, 1.000000, 0.000000, 0.000000, 21.000000, 2.000000, 67.000000
259, 0.533317, 0.024495, 0.833333, 0.733333, 32.000000, 0.000000, 12.000000, 1.000000, 0.000000, 0.000000, 21.000000, 2.000000, 67.000000
260, 0.533643, 0.026628, 0.888889, 0.733333, 32.000000, 0.000000, 12.000000, 1.000000, 0.000000, 0.000000, 21.000000, 2.000000, 67.000000
261, 0.486068, 0.007657, 0.877778, 0.733333, 32.000000, 0.000000, 12.000000, 1.000000, 0.000000, 0.000000, 21.000000, 2.000000, 67.000000
262, 0.497977, 0.005488, 0.933333, 0.733333, 32.000000, 0.000000, 12.000000, 1.000000, 0.000000, 0.000000, 21.000000, 2.000000, 67.000000
263, 0.526550, 0.022983, 0.944444, 0.733333, 32.000000, 0.000000, 12.000000, 1.000000, 0.000000, 0.000000, 21.000000, 2.000000, 67.000000
264, 0.432237, 0.028319, 0.911111, 0.733333, 32.000000, 0.000000, 12.000000, 1.000000, 0.000000, 0.000000, 21.000000, 2.000000, 67.000000
265, 0.494511, 0.013445, 0.933333, 0.733333, 32.000000, 0.000000, 12.000000, 1.000000, 0.000000, 0.000000, 21.000000, 2.000000, 67.000000
266, 0.520535, 0.004523, 0.888889, 0.725926, 32.000000, 0.000000, 12.000000, 1.000000, 0.000000, 0.000000, 22.000000, 2.000000, 66.000000
267, 0.497169, 0.011356, 0.888889, 0.725926, 32.000000, 0.000000, 12.000000, 1.000000, 0.000000, 0.000000, 22.000000, 2.000000, 66.000000
268, 0.535966, 0.019839, 0.877778, 0.725926, 32.000000, 0.000000, 12.000000, 1.000000, 0.000000, 0.000000, 22.000000, 2.000000, 66.000000
269, 0.456144, 0.014555, 0.888889, 0.725926, 32.000000, 0.000000, 12.000000, 1.000000, 0.000000, 0.000000, 22.000000, 2.000000, 66.000000
270, 0.489330, 0.002623, 0.888889, 0.718519, 32.000000, 0.000000, 12.000000, 1.000000, 0.000000, 0.000000, 23.000000, 2.000000, 65.000000
271, 0.574360, 0.006614, 0.911111, 0.718519, 32.000000, 0.000000, 12.000000, 1.000000, 0.000000, 0.000000, 23.000000, 2.000000, 65.000000
272, 0.546506, 0.008750, 0.933333, 0.725926, 33.000000, 0.000000, 11.000000, 1.000000, 0.000000, 0.000000, 23.000000, 2.000000, 65.000000
273, 0.515460, 0.015284, 0.866667, 0.725926, 33.000000, 0.000000, 11.000000, 1.000000, 0.000000, 0.000000, 23.000000, 2.000000, 65.000000
274, 0.481530, 0.003245, 0.944444, 0.725926, 33.000000, 0.000000, 11.000000, 1.000000, 0.000000, 0.000000, 23.000000, 2.000000, 65.000000
275, 0.562019, 0.004993, 0.888889, 0.725926, 33.000000, 0.000000, 11.000000, 1.000000, 0.000000, 0.000000, 23.000000, 2.000000, 65.000000
276, 0.452575, 0.002667, 0.888889, 0.725926, 33.000000, 0.000000, 11.000000, 1.000000, 0.000000, 0.000000, 23.000000, 2.000000, 65.000000
277, 0.456320, 0.004163, 0.922222, 0.725926, 33.000000, 0.000000, 11.000000, 1.000000, 0.000000, 0.000000, 23.000000, 2.000000, 65.000000
278, 0.493383, 0.012830, 0.911111, 0.725926, 33.000000, 0.000000, 11.000000, 1.000000, 0.000000, 0.000000, 23.000000, 2.000000, 65.000000
279, 0.469319, 0.020818, 0.911111, 0.725926, 33.000000, 0.000000, 11.000000, 1.000000, 0.000000, 0.000000, 23.000000, 2.000000, 65.000000
280, 0.477748, 0.006914, 0.900000, 0.725926, 33.000000, 0.000000, 11.000000, 1.000000, 0.000000, 0.000000, 23.000000, 2.000000, 65.000000
281, 0.474341, 0.012658, 0.933333, 0.725926, 33.000000, 0.000000, 11.000000, 1.000000, 0.000000, 0.000000, 23.000000, 2.000000, 65.000000
282, 0.503308, 0.011299, 0.900000, 0.725926, 33.000000, 0.000000, 11.000000, 1.000000, 0.000000, 0.000000, 23.000000, 2.000000, 65.000000
283, 0.493993, 0.010631, 0.866667, 0.725926, 33.000000, 0.000000, 11.000000, 1.000000, 0.000000, 0.000000, 23.000000, 2.000000, 65.000000
284, 0.440401, 0.006369, 0.911111, 0.725926, 33.000000, 0.000000, 11.000000, 1.000000, 0.000000, 0.000000, 23.000000, 2.000000, 65.000000
285, 0.353474, 0.012679, 0.944444, 0.725926, 33.000000, 0.000000, 11.000000, 1.000000, 0.000000, 0.000000, 23.000000, 2.000000, 65.000000
286, 0.460165, 0.010892, 0.933333, 0.725926, 33.000000, 0.000000, 11.000000, 1.000000, 0.000000, 0.000000, 23.000000, 2.000000, 65.000000
287, 0.470038, 0.008759, 0.866667, 0.725926, 33.000000, 0.000000, 11.000000, 1.000000, 0.000000, 0.000000, 23.000000, 2.000000, 65.000000
288, 0.432436, 0.014249, 0.855556, 0.725926, 33.000000, 0.000000, 11.000000, 1.000000, 0.000000, 0.000000, 23.000000, 2.000000, 65.000000
289, 0.385426, 0.014444, 0.922222, 0.725926, 33.000000, 0.000000, 11.000000, 1.000000, 0.000000, 0.000000, 23.000000, 2.000000, 65.000000
290, 0.474903, 0.009825, 0.944444, 0.725926, 33.000000, 0.000000, 11.000000, 1.000000, 0.000000, 0.000000, 23.000000, 2.000000, 65.000000
291, 0.502766, 0.008000, 0.855556, 0.725926, 33.000000, 0.000000, 11.000000, 1.000000, 0.000000, 0.000000, 23.000000, 2.000000, 65.000000
292, 0.484668, 0.010493, 0.833333, 0.725926, 33.000000, 0.000000, 11.000000, 1.000000, 0.000000, 0.000000, 23.000000, 2.000000, 65.000000
293, 0.427311, 0.015456, 0.933333, 0.725926, 33.000000, 0.000000, 11.000000, 1.000000, 0.000000, 0.000000, 23.000000, 2.000000, 65.000000
294, 0.472379, 0.023941, 0.944444, 0.725926, 33.000000, 0.000000, 11.000000, 1.000000, 0.000000, 0.000000, 23.000000, 2.000000, 65.000000
295, 0.469424, 0.021352, 0.855556, 0.725926, 33.000000, 0.000000, 11.000000, 1.000000, 0.000000, 0.000000, 23.000000, 2.000000, 65.000000
296, 0.466963, 0.022988, 0.866667, 0.725926, 33.000000, 0.000000, 11.000000, 1.000000, 0.000000, 0.000000, 23.000000, 2.000000, 65.000000
297, 0.410944, 0.006044, 0.877778, 0.725926, 33.000000, 0.000000, 11.000000, 1.000000, 0.000000, 0.000000, 23.000000, 2.000000, 65.000000
298, 0.423761, 0.014328, 0.911111, 0.725926, 33.000000, 0.000000, 11.000000, 1.000000, 0.000000, 0.000000, 23.000000, 2.000000, 65.000000
299, 0.438045, 0.033974, 0.900000, 0.725926, 33.000000, 0.000000, 11.000000, 1.000000, 0.000000, 0.000000, 23.000000, 2.000000, 65.000000
300, 0.480509, 0.027477, 0.944444, 0.725926, 33.000000, 0.000000, 11.000000, 1.000000, 0.000000, 0.000000, 23.000000, 2.000000, 65.000000
301, 0.437464, 0.005001, 0.933333, 0.725926, 33.000000, 0.000000, 11.000000, 1.000000, 0.000000, 0.000000, 23.000000, 2.000000, 65.000000
302, 0.454146, 0.001268, 0.888889, 0.725926, 33.000000, 0.000000, 11.000000, 1.000000, 0.000000, 0.000000, 23.000000, 2.000000, 65.000000
303, 0.433309, 0.004820, 0.911111, 0.725926, 33.000000, 0.000000, 11.000000, 1.000000, 0.000000, 0.000000, 23.000000, 2.000000, 65.000000
304, 0.494092, 0.008653, 0.911111, 0.725926, 33.000000, 0.000000, 11.000000, 1.000000, 0.000000, 0.000000, 23.000000, 2.000000, 65.000000
305, 0.337074, 0.004450, 0.966667, 0.725926, 33.000000, 0.000000, 11.000000, 1.000000, 0.000000, 0.000000, 23.000000, 2.000000, 65.000000
306, 0.431186, 0.003350, 0.933333, 0.725926, 33.000000, 0.000000, 11.000000, 1.000000, 0.000000, 0.000000, 23.000000, 2.000000, 65.000000
307, 0.464764, 0.006699, 0.877778, 0.725926, 33.000000, 0.000000, 11.000000, 1.000000, 0.000000, 0.000000, 23.000000, 2.000000, 65.000000
308, 0.431915, 0.007158, 0.911111, 0.725926, 33.000000, 0.000000, 11.000000, 1.000000, 0.000000, 0.000000, 23.000000, 2.000000, 65.000000
309, 0.396770, 0.003195, 0.877778, 0.725926, 33.000000, 0.000000, 11.000000, 1.000000, 0.000000, 0.000000, 23.000000, 2.000000, 65.000000
310, 0.387566, 0.003237, 0.888889, 0.725926, 33.000000, 0.000000, 11.000000, 1.000000, 0.000000, 0.000000, 23.000000, 2.000000, 65.000000
311, 0.349027, 0.005074, 0.955556, 0.725926, 33.000000, 0.000000, 11.000000, 1.000000, 0.000000, 0.000000, 23.000000, 2.000000, 65.000000
312, 0.365877, 0.007631, 0.944444, 0.725926, 33.000000, 0.000000, 11.000000, 1.000000, 0.000000, 0.000000, 23.000000, 2.000000, 65.000000
313, 0.465373, 0.011547, 0.877778, 0.725926, 33.000000, 0.000000, 11.000000, 1.000000, 0.000000, 0.000000, 23.000000, 2.000000, 65.000000
314, 0.419909, 0.002141, 0.877778, 0.725926, 33.000000, 0.000000, 11.000000, 1.000000, 0.000000, 0.000000, 23.000000, 2.000000, 65.000000
315, 0.376012, 0.001804, 0.922222, 0.725926, 33.000000, 0.000000, 11.000000, 1.000000, 0.000000, 0.000000, 23.000000, 2.000000, 65.000000
316, 0.399306, 0.001537, 0.900000, 0.725926, 33.000000, 0.000000, 11.000000, 1.000000, 0.000000, 0.000000, 23.000000, 2.000000, 65.000000
317, 0.359045, 0.010198, 0.877778, 0.725926, 33.000000, 0.000000, 11.000000, 1.000000, 0.000000, 0.000000, 23.000000, 2.000000, 65.000000
318, 0.322872, 0.018075, 0.888889, 0.725926, 33.000000, 0.000000, 11.000000, 1.000000, 0.000000, 0.000000, 23.000000, 2.000000, 65.000000
319, 0.343529, 0.010928, 0.911111, 0.725926, 33.000000, 0.000000, 11.000000, 1.000000, 0.000000, 0.000000, 23.000000, 2.000000, 65.000000
320, 0.422876, 0.007527, 0.866667, 0.725926, 33.000000, 0.000000, 11.000000, 1.000000, 0.000000, 0.000000, 23.000000, 2.000000, 65.000000
321, 0.448968, 0.007901, 0.866667, 0.725926, 33.000000, 0.000000, 11.000000, 1.000000, 0.000000, 0.000000, 23.000000, 2.000000, 65.000000
322, 0.333805, 0.004352, 0.933333, 0.725926, 33.000000, 0.000000, 11.000000, 1.000000, 0.000000, 0.000000, 23.000000, 2.000000, 65.000000
323, 0.347145, 0.008546, 0.877778, 0.718519, 32.000000, 0.000000, 12.000000, 1.000000, 0.000000, 0.000000, 23.000000, 2.000000, 65.000000
324, 0.336909, 0.013018, 0.911111, 0.725926, 32.000000, 0.000000, 12.000000, 1.000000, 0.000000, 0.000000, 22.000000, 2.000000, 66.000000
325, 0.418205, 0.016296, 0.922222, 0.733333, 32.000000, 0.000000, 12.000000, 1.000000, 0.000000, 0.000000, 21.000000, 2.000000, 67.000000
326, 0.297638, 0.006998, 0.911111, 0.733333, 32.000000, 0.000000, 12.000000, 1.000000, 0.000000, 0.000000, 21.000000, 2.000000, 67.000000
327, 0.392614, 0.006247, 0.833333, 0.733333, 32.000000, 0.000000, 12.000000, 1.000000, 0.000000, 0.000000, 21.000000, 2.000000, 67.000000
328, 0.405635, 0.016490, 0.888889, 0.733333, 32.000000, 0.000000, 12.000000, 1.000000, 0.000000, 0.000000, 21.000000, 2.000000, 67.000000
329, 0.340437, 0.013171, 0.966667, 0.733333, 32.000000, 0.000000, 12.000000, 1.000000, 0.000000, 0.000000, 21.000000, 2.000000, 67.000000
330, 0.381640, 0.017846, 0.955556, 0.733333, 32.000000, 0.000000, 12.000000, 1.000000, 0.000000, 0.000000, 21.000000, 2.000000, 67.000000
331, 0.404885, 0.005829, 0.922222, 0.740741, 32.000000, 0.000000, 12.000000, 1.000000, 0.000000, 0.000000, 20.000000, 2.000000, 68.000000
332, 0.360972, 0.010966, 0.911111, 0.740741, 32.000000, 0.000000, 12.000000, 1.000000, 0.000000, 0.000000, 20.000000, 2.000000, 68.000000
333, 0.442424, 0.018505, 0.911111, 0.740741, 32.000000, 0.000000, 12.000000, 1.000000, 0.000000, 0.000000, 20.000000, 2.000000, 68.000000
334, 0.322156, 0.006229, 0.922222, 0.740741, 32.000000, 0.000000, 12.000000, 1.000000, 0.000000, 0.000000, 20.000000, 2.000000, 68.000000
335, 0.321478, 0.001633, 0.877778, 0.740741, 32.000000, 0.000000, 12.000000, 1.000000, 0.000000, 0.000000, 20.000000, 2.000000, 68.000000
336, 0.419177, 0.002975, 0.888889, 0.740741, 32.000000, 0.000000, 12.000000, 1.000000, 0.000000, 0.000000, 20.000000, 2.000000, 68.000000
337, 0.412830, 0.005828, 0.888889, 0.748148, 32.000000, 0.000000, 12.000000, 1.000000, 0.000000, 0.000000, 19.000000, 2.000000, 69.000000
338, 0.280602, 0.002373, 0.911111, 0.740741, 31.000000, 0.000000, 13.000000, 1.000000, 0.000000, 0.000000, 19.000000, 2.000000, 69.000000
339, 0.332484, 0.003140, 0.900000, 0.740741, 31.000000, 0.000000, 13.000000, 1.000000, 0.000000, 0.000000, 19.000000, 2.000000, 69.000000
340, 0.403991, 0.003094, 0.900000, 0.740741, 31.000000, 0.000000, 13.000000, 1.000000, 0.000000, 0.000000, 19.000000, 2.000000, 69.000000
341, 0.362767, 0.004642, 0.888889, 0.733333, 31.000000, 0.000000, 13.000000, 1.000000, 0.000000, 0.000000, 20.000000, 2.000000, 68.000000
342, 0.383123, 0.006328, 0.977778, 0.740741, 32.000000, 0.000000, 12.000000, 1.000000, 0.000000, 0.000000, 20.000000, 2.000000, 68.000000
343, 0.395018, 0.004500, 0.900000, 0.740741, 32.000000, 0.000000, 12.000000, 1.000000, 0.000000, 0.000000, 20.000000, 2.000000, 68.000000
344, 0.295375, 0.004470, 0.933333, 0.740741, 32.000000, 0.000000, 12.000000, 1.000000, 0.000000, 0.000000, 20.000000, 2.000000, 68.000000
345, 0.288155, 0.013569, 0.944444, 0.740741, 32.000000, 0.000000, 12.000000, 1.000000, 0.000000, 0.000000, 20.000000, 2.000000, 68.000000
346, 0.323445, 0.003735, 0.933333, 0.740741, 32.000000, 0.000000, 12.000000, 1.000000, 0.000000, 0.000000, 20.000000, 2.000000, 68.000000
347, 0.332372, 0.009385, 0.944444, 0.740741, 32.000000, 0.000000, 12.000000, 1.000000, 0.000000, 0.000000, 20.000000, 2.000000, 68.000000
348, 0.327771, 0.003097, 0.911111, 0.740741, 32.000000, 0.000000, 12.000000, 1.000000, 0.000000, 0.000000, 20.000000, 2.000000, 68.000000
349, 0.317485, 0.001781, 0.900000, 0.740741, 32.000000, 0.000000, 12.000000, 1.000000, 0.000000, 0.000000, 20.000000, 2.000000, 68.000000
350, 0.265640, 0.005711, 0.955556, 0.740741, 32.000000, 0.000000, 12.000000, 1.000000, 0.000000, 0.000000, 20.000000, 2.000000, 68.000000
351, 0.361098, 0.002479, 0.911111, 0.740741, 32.000000, 0.000000, 12.000000, 1.000000, 0.000000, 0.000000, 20.000000, 2.000000, 68.000000
352, 0.348557, 0.004874, 0.888889, 0.740741, 32.000000, 0.000000, 12.000000, 1.000000, 0.000000, 0.000000, 20.000000, 2.000000, 68.000000
353, 0.283007, 0.010504, 0.911111, 0.740741, 32.000000, 0.000000, 12.000000, 1.000000, 0.000000, 0.000000, 20.000000, 2.000000, 68.000000
354, 0.321771, 0.016506, 0.922222, 0.740741, 32.000000, 0.000000, 12.000000, 1.000000, 0.000000, 0.000000, 20.000000, 2.000000, 68.000000
355, 0.298642, 0.017908, 0.922222, 0.740741, 32.000000, 0.000000, 12.000000, 1.000000, 0.000000, 0.000000, 20.000000, 2.000000, 68.000000
356, 0.331556, 0.022004, 0.911111, 0.740741, 32.000000, 0.000000, 12.000000, 1.000000, 0.000000, 0.000000, 20.000000, 2.000000, 68.000000
357, 0.310979, 0.020197, 0.888889, 0.740741, 32.000000, 0.000000, 12.000000, 1.000000, 0.000000, 0.000000, 20.000000, 2.000000, 68.000000
358, 0.253238, 0.023509, 0.977778, 0.740741, 32.000000, 0.000000, 12.000000, 1.000000, 0.000000, 0.000000, 20.000000, 2.000000, 68.000000
359, 0.289881, 0.020561, 0.955556, 0.740741, 32.000000, 0.000000, 12.000000, 1.000000, 0.000000, 0.000000, 20.000000, 2.000000, 68.000000
360, 0.349169, 0.015148, 0.888889, 0.740741, 32.000000, 0.000000, 12.000000, 1.000000, 0.000000, 0.000000, 20.000000, 2.000000, 68.000000
361, 0.362857, 0.026260, 0.944444, 0.740741, 32.000000, 0.000000, 12.000000, 1.000000, 0.000000, 0.000000, 20.000000, 2.000000, 68.000000
362, 0.291769, 0.025416, 0.900000, 0.740741, 32.000000, 0.000000, 12.000000, 1.000000, 0.000000, 0.000000, 20.000000, 2.000000, 68.000000
363, 0.383531, 0.002947, 0.966667, 0.740741, 32.000000, 0.000000, 12.000000, 1.000000, 0.000000, 0.000000, 20.000000, 2.000000, 68.000000
364, 0.368235, 0.012213, 0.955556, 0.733333, 31.000000, 0.000000, 13.000000, 1.000000, 0.000000, 0.000000, 20.000000, 2.000000, 68.000000
365, 0.237929, 0.010543, 0.933333, 0.740741, 31.000000, 0.000000, 13.000000, 1.000000, 0.000000, 0.000000, 19.000000, 2.000000, 69.000000
366, 0.287899, 0.011260, 0.922222, 0.740741, 31.000000, 0.000000, 13.000000, 1.000000, 0.000000, 0.000000, 19.000000, 2.000000, 69.000000
367, 0.445417, 0.008504, 0.944444, 0.740741, 31.000000, 0.000000, 13.000000, 1.000000, 0.000000, 0.000000, 19.000000, 2.000000, 69.000000
368, 0.400452, 0.013720, 0.933333, 0.740741, 31.000000, 0.000000, 13.000000, 1.000000, 0.000000, 0.000000, 19.000000, 2.000000, 69.000000
369, 0.320435, 0.007470, 0.966667, 0.740741, 31.000000, 0.000000, 13.000000, 1.000000, 0.000000, 0.000000, 19.000000, 2.000000, 69.000000
370, 0.338261, 0.005130, 0.966667, 0.740741, 31.000000, 0.000000, 13.000000, 1.000000, 0.000000, 0.000000, 19.000000, 2.000000, 69.000000
371, 0.304969, 0.008182, 0.944444, 0.740741, 31.000000, 0.000000, 13.000000, 1.000000, 0.000000, 0.000000, 19.000000, 2.000000, 69.000000
372, 0.379423, 0.006694, 0.844444, 0.740741, 31.000000, 0.000000, 13.000000, 1.000000, 0.000000, 0.000000, 19.000000, 2.000000, 69.000000
373, 0.244383, 0.005128, 0.900000, 0.740741, 31.000000, 0.000000, 13.000000, 1.000000, 0.000000, 0.000000, 19.000000, 2.000000, 69.000000
374, 0.311554, 0.020014, 0.855556, 0.740741, 31.000000, 0.000000, 13.000000, 1.000000, 0.000000, 0.000000, 19.000000, 2.000000, 69.000000
375, 0.330064, 0.013340, 0.933333, 0.740741, 31.000000, 0.000000, 13.000000, 1.000000, 0.000000, 0.000000, 19.000000, 2.000000, 69.000000
376, 0.317128, 0.008731, 0.900000, 0.740741, 31.000000, 0.000000, 13.000000, 1.000000, 0.000000, 0.000000, 19.000000, 2.000000, 69.000000
377, 0.280077, 0.009990, 0.944444, 0.740741, 31.000000, 0.000000, 13.000000, 1.000000, 0.000000, 0.000000, 19.000000, 2.000000, 69.000000
378, 0.295582, 0.006389, 0.911111, 0.740741, 31.000000, 0.000000, 13.000000, 1.000000, 0.000000, 0.000000, 19.000000, 2.000000, 69.000000
379, 0.267543, 0.005163, 0.922222, 0.740741, 31.000000, 0.000000, 13.000000, 1.000000, 0.000000, 0.000000, 19.000000, 2.000000, 69.000000
380, 0.343945, 0.010297, 0.922222, 0.740741, 31.000000, 0.000000, 13.000000, 1.000000, 0.000000, 0.000000, 19.000000, 2.000000, 69.000000
381, 0.247513, 0.011213, 0.900000, 0.748148, 31.000000, 0.000000, 13.000000, 1.000000, 0.000000, 0.000000, 18.000000, 2.000000, 70.000000
382, 0.340009, 0.012234, 0.955556, 0.748148, 31.000000, 0.000000, 13.000000, 1.000000, 0.000000, 0.000000, 18.000000, 2.000000, 70.000000
383, 0.279235, 0.006907, 0.900000, 0.748148, 31.000000, 0.000000, 13.000000, 1.000000, 0.000000, 0.000000, 18.000000, 2.000000, 70.000000
384, 0.251713, 0.010390, 0.855556, 0.748148, 31.000000, 0.000000, 13.000000, 1.000000, 0.000000, 0.000000, 18.000000, 2.000000, 70.000000
385, 0.311320, 0.007349, 0.922222, 0.740741, 31.000000, 0.000000, 13.000000, 1.000000, 0.000000, 0.000000, 19.000000, 2.000000, 69.000000
386, 0.234396, 0.013346, 0.944444, 0.740741, 31.000000, 0.000000, 13.000000, 1.000000, 0.000000, 0.000000, 19.000000, 2.000000, 69.000000
387, 0.292372, 0.015634, 0.955556, 0.740741, 31.000000, 0.000000, 13.000000, 1.000000, 0.000000, 0.000000, 19.000000, 2.000000, 69.000000
388, 0.206383, 0.014985, 0.977778, 0.740741, 31.000000, 0.000000, 13.000000, 1.000000, 0.000000, 0.000000, 19.000000, 2.000000, 69.000000
389, 0.275863, 0.017604, 0.944444, 0.740741, 32.000000, 0.000000, 12.000000, 1.000000, 0.000000, 0.000000, 20.000000, 2.000000, 68.000000
390, 0.314734, 0.003366, 0.900000, 0.740741, 32.000000, 0.000000, 12.000000, 1.000000, 0.000000, 0.000000, 20.000000, 2.000000, 68.000000
391, 0.303894, 0.006342, 0.922222, 0.740741, 32.000000, 0.000000, 12.000000, 1.000000, 0.000000, 0.000000, 20.000000, 2.000000, 68.000000
392, 0.298101, 0.005604, 0.933333, 0.740741, 32.000000, 0.000000, 12.000000, 1.000000, 0.000000, 0.000000, 20.000000, 2.000000, 68.000000
393, 0.253797, 0.007552, 0.955556, 0.740741, 32.000000, 0.000000, 12.000000, 1.000000, 0.000000, 0.000000, 20.000000, 2.000000, 68.000000
394, 0.333191, 0.007596, 0.911111, 0.740741, 32.000000, 0.000000, 12.000000, 1.000000, 0.000000, 0.000000, 20.000000, 2.000000, 68.000000
395, 0.256997, 0.002899, 0.944444, 0.740741, 32.000000, 0.000000, 12.000000, 1.000000, 0.000000, 0.000000, 20.000000, 2.000000, 68.000000
396, 0.236739, 0.003438, 0.888889, 0.733333, 32.000000, 0.000000, 12.000000, 1.000000, 0.000000, 0.000000, 21.000000, 2.000000, 67.000000
397, 0.300307, 0.007401, 0.900000, 0.733333, 32.000000, 0.000000, 12.000000, 1.000000, 0.000000, 0.000000, 21.000000, 2.000000, 67.000000
398, 0.268991, 0.009297, 0.911111, 0.733333, 32.000000, 0.000000, 12.000000, 1.000000, 0.000000, 0.000000, 21.000000, 2.000000, 67.000000
399, 0.338141, 0.005338, 0.844444, 0.733333, 32.000000, 0.000000, 12.000000, 1.000000, 0.000000, 0.000000, 21.000000, 2.000000, 67.000000
400, 0.398604, 0.010756, 0.955556, 0.733333, 32.000000, 0.000000, 12.000000, 1.000000, 0.000000, 0.000000, 21.000000, 2.000000, 67.000000
401, 0.293996, 0.006203, 0.900000, 0.733333, 32.000000, 0.000000, 12.000000, 1.000000, 0.000000, 0.000000, 21.000000, 2.000000, 67.000000
402, 0.292304, 0.011366, 0.944444, 0.725926, 32.000000, 0.000000, 12.000000, 1.000000, 0.000000, 0.000000, 22.000000, 2.000000, 66.000000
403, 0.366850, 0.006677, 0.933333, 0.725926, 32.000000, 0.000000, 12.000000, 1.000000, 0.000000, 0.000000, 22.000000, 2.000000, 66.000000
